biospecimen_id	match_id	gene_symbol	copy_number	ploidy	MYCN_amp
BS_14XW1MD5	PT_13EKJZTH_C4122714-Tumor_Solid Tissue_Initial CNS Tumor	MYCN	2	2	No
BS_1V616KKY	PT_18JCZJ25_C4106232-Tumor_Solid Tissue_Initial CNS Tumor	MYCN	2	3	No
BS_75BBX7JP	PT_HT73W2JA_C4111275-Tumor_Solid Tissue_Initial CNS Tumor	MYCN	2	2	No
BS_87HS6R4E	PT_XVB5Z3FC_C4118532-Tumor_Solid Tissue_Initial CNS Tumor	MYCN	2	2	No
BS_93WDWT81	PT_870BRQ8M_C4106724-Tumor_Solid Tissue_Recurrence	MYCN	2	3	No
BS_A6E869SH	PT_017WC8PS_C4114227-Tumor_Solid Tissue_Initial CNS Tumor	MYCN	2	2	No
BS_B64J2XCQ	PT_B1J3PZXF_C4117179-Tumor_Solid Tissue_Recurrence	MYCN	2	3	No
BS_DJ05Y3P6	PT_870BRQ8M_C4106724-Tumor_Solid Tissue_Recurrence	MYCN	2	3	No
BS_FFZGMSMQ	PT_QBAA2E23_C4107093-Tumor_Solid Tissue_Recurrence	MYCN	2	4	No
BS_FWVSVP0T	PT_YND59052_C3985200-Tumor_Solid Tissue_Recurrence	MYCN	2	2	No
BS_HWT4F4Z1	PT_WPM8Y4QX_C4110291-Tumor_Solid Tissue_Initial CNS Tumor	MYCN	2	2	No
BS_J4X5M7X8	PT_VVW1FYSK_C4125297-Tumor_Solid Tissue_Initial CNS Tumor	MYCN	3	2	No
BS_KQM96PHV	PT_4M81AYHH_C4120746-Tumor_Solid Tissue_Initial CNS Tumor	MYCN	3	3	No
BS_KY0N6ZCY	PT_TE4DP9BW_C4123206-Tumor_Solid Tissue_Initial CNS Tumor	MYCN	1	3	No
BS_NBW2EEMA	PT_Q36SCWF3_C4117056-Tumor_Solid Tissue_Initial CNS Tumor	MYCN	2	2	No
BS_Q9MMJ9H4	PT_H7X4M9CC_C4118901-Tumor_Solid Tissue_Recurrence	MYCN	2	2	No
BS_RES3E00R	PT_JRA29R0N_C4119270-Tumor_Solid Tissue_Initial CNS Tumor	MYCN	2	2	No
BS_SEFYKVEW	PT_XPGJ239Y_C4120500-Tumor_Solid Tissue_Recurrence	MYCN	2	2	No
BS_TSCE1B96	PT_86YTXPJ9_C4106847-Tumor_Solid Tissue_Recurrence	MYCN	2	2	No
BS_V1BNA817	PT_6B7ZN2M9_C4117425-Tumor_Solid Tissue_Recurrence	MYCN	2	2	No
BS_VEK54PE0	PT_RFJNB0TH_C4118655-Tumor_Solid Tissue_Initial CNS Tumor	MYCN	2	2	No
BS_XA22ZVF2	PT_CKQZT20G_C4113735-Tumor_Solid Tissue_Initial CNS Tumor	MYCN	2	2	No
BS_YP0K170J	PT_A63KF14B_C4117548-Tumor_Solid Tissue_Recurrence	MYCN	2	2	No
BS_Z4JW5FGH	PT_VY7PV323_C4106355-Tumor_Solid Tissue_Recurrence	MYCN	2	2	No
TARGET-30-PAHYWC-01A-01W	PAHYWC_01_Solid Tissue_Primary Tumor	MYCN	35	2	Yes
TARGET-30-PAICGF-01A-01W	PAICGF_01_Solid Tissue_Primary Tumor	MYCN	2	2	No
TARGET-30-PAIFCS-01A-01W	PAIFCS_01_Solid Tissue_Primary Tumor	MYCN	2	3	No
TARGET-30-PAIFXV-01A-01D	PAIFXV_01_Solid Tissue_Primary Tumor	MYCN	3	2	No
TARGET-30-PAILNU-01A-01W	PAILNU_01_Solid Tissue_Primary Tumor	MYCN	3	2	No
TARGET-30-PAIMDT-01A-01W	PAIMDT_01_Solid Tissue_Primary Tumor	MYCN	2	2	No
TARGET-30-PAINLN-01A-01W	PAINLN_01_Solid Tissue_Primary Tumor	MYCN	3	2	No
TARGET-30-PAIPGU-01A-01W	PAIPGU_01_Solid Tissue_Primary Tumor	MYCN	3	2	No
TARGET-30-PAISSH-01A-01W	PAISSH_01_Solid Tissue_Primary Tumor	MYCN	30	2	Yes
TARGET-30-PAITCI-01A-01W	PAITCI_01_Solid Tissue_Primary Tumor	MYCN	2	3	No
TARGET-30-PAITEG-01A-01W	PAITEG_01_Solid Tissue_Primary Tumor	MYCN	2	2	No
TARGET-30-PAIVHE-01A-01W	PAIVHE_01_Solid Tissue_Primary Tumor	MYCN	2	3	No
TARGET-30-PAIWRB-01A-01D	PAIWRB_01_Solid Tissue_Primary Tumor	MYCN	225	2	Yes
TARGET-30-PAIXIF-01A-01W	PAIXIF_01_Solid Tissue_Primary Tumor	MYCN	3	2	No
TARGET-30-PAIXNC-01A-01W	PAIXNC_01_Solid Tissue_Primary Tumor	MYCN	3	2	No
TARGET-30-PAIXNV-01A-01W	PAIXNV_01_Solid Tissue_Primary Tumor	MYCN	2	2	No
TARGET-30-PAIXRK-01A-01W	PAIXRK_01_Solid Tissue_Primary Tumor	MYCN	66	3	Yes
TARGET-30-PAKFUY-01A-01W	PAKFUY_01_Solid Tissue_Primary Tumor	MYCN	3	2	No
TARGET-30-PAKGKH-01A-01W	PAKGKH_01_Solid Tissue_Primary Tumor	MYCN	3	3	No
TARGET-30-PAKHCF-01A-01W	PAKHCF_01_Solid Tissue_Primary Tumor	MYCN	3	2	No
TARGET-30-PAKHHB-01A-01W	PAKHHB_01_Solid Tissue_Primary Tumor	MYCN	84	2	Yes
TARGET-30-PAKIPY-01A-01W	PAKIPY_01_Solid Tissue_Primary Tumor	MYCN	2	2	No
TARGET-30-PAKJRE-01A-01W	PAKJRE_01_Solid Tissue_Primary Tumor	MYCN	2	2	No
TARGET-30-PAKVUY-01A-01D	PAKVUY_01_Solid Tissue_Primary Tumor	MYCN	2	2	No
TARGET-30-PAKXDZ-01A-01W	PAKXDZ_01_Solid Tissue_Primary Tumor	MYCN	37	3	Yes
TARGET-30-PAKYZS-01A-01W	PAKYZS_01_Solid Tissue_Primary Tumor	MYCN	2	2	No
TARGET-30-PAKZRE-01A-01W	PAKZRE_01_Solid Tissue_Primary Tumor	MYCN	43	3	Yes
TARGET-30-PAKZRF-01A-01W	PAKZRF_01_Solid Tissue_Primary Tumor	MYCN	3	4	No
TARGET-30-PALAKE-01A-01W	PALAKE_01_Solid Tissue_Primary Tumor	MYCN	115	2	Yes
TARGET-30-PALAKM-01A-01W	PALAKM_01_Solid Tissue_Primary Tumor	MYCN	2	3	No
TARGET-30-PALBFW-01A-01W	PALBFW_01_Solid Tissue_Primary Tumor	MYCN	2	2	No
TARGET-30-PALCBW-01A-01W	PALCBW_01_Solid Tissue_Primary Tumor	MYCN	2	3	No
TARGET-30-PALETP-01A-01W	PALETP_01_Solid Tissue_Primary Tumor	MYCN	2	2	No
TARGET-30-PALEVG-01A-01W	PALEVG_01_Solid Tissue_Primary Tumor	MYCN	44	2	Yes
TARGET-30-PALFPI-01A-01W	PALFPI_01_Solid Tissue_Primary Tumor	MYCN	3	3	No
TARGET-30-PALHVD-01A-01W	PALHVD_01_Solid Tissue_Primary Tumor	MYCN	4	2	Yes
TARGET-30-PALIIN-01A-01W	PALIIN_01_Solid Tissue_Primary Tumor	MYCN	2	3	No
TARGET-30-PALJPX-01A-01W	PALJPX_01_Solid Tissue_Primary Tumor	MYCN	27	3	Yes
TARGET-30-PALJUV-01A-01W	PALJUV_01_Solid Tissue_Primary Tumor	MYCN	2	4	No
TARGET-30-PALNLU-01A-01W	PALNLU_01_Solid Tissue_Primary Tumor	MYCN	3	4	No
TARGET-30-PALPGG-01A-01W	PALPGG_01_Solid Tissue_Primary Tumor	MYCN	171	2	Yes
TARGET-30-PALRSD-01A-01D	PALRSD_01_Solid Tissue_Primary Tumor	MYCN	2	2	No
TARGET-30-PALSAE-01A-01W	PALSAE_01_Solid Tissue_Primary Tumor	MYCN	3	3	No
TARGET-30-PALTEG-01A-01W	PALTEG_01_Solid Tissue_Primary Tumor	MYCN	2	2	No
TARGET-30-PALTYB-01A-01W	PALTYB_01_Solid Tissue_Primary Tumor	MYCN	2	2	No
TARGET-30-PALUDH-01A-01W	PALUDH_01_Solid Tissue_Primary Tumor	MYCN	2	3	No
TARGET-30-PALWIP-01A-01W	PALWIP_01_Solid Tissue_Primary Tumor	MYCN	2	3	No
TARGET-30-PALWVJ-01A-01W	PALWVJ_01_Solid Tissue_Primary Tumor	MYCN	2	2	No
TARGET-30-PALXHW-01A-01W	PALXHW_01_Solid Tissue_Primary Tumor	MYCN	3	3	No
TARGET-30-PALXMM-01A-01W	PALXMM_01_Solid Tissue_Primary Tumor	MYCN	1	3	No
TARGET-30-PALZRG-01A-01W	PALZRG_01_Solid Tissue_Primary Tumor	MYCN	57	3	Yes
TARGET-30-PALZSL-01A-01W	PALZSL_01_Solid Tissue_Primary Tumor	MYCN	69	3	Yes
TARGET-30-PALZZV-01A-01W	PALZZV_01_Solid Tissue_Primary Tumor	MYCN	86	2	Yes
TARGET-30-PAMBAC-01A-01W	PAMBAC_01_Solid Tissue_Primary Tumor	MYCN	101	2	Yes
TARGET-30-PAMCXF-01A-01W	PAMCXF_01_Solid Tissue_Primary Tumor	MYCN	2	3	No
TARGET-30-PAMMWD-01A-01W	PAMMWD_01_Solid Tissue_Primary Tumor	MYCN	260	2	Yes
TARGET-30-PAMMXF-01A-01W	PAMMXF_01_Solid Tissue_Primary Tumor	MYCN	2	2	No
TARGET-30-PAMNYX-01A-01D	PAMNYX_01_Solid Tissue_Primary Tumor	MYCN	2	3	No
TARGET-30-PAMUTD-01A-01W	PAMUTD_01_Solid Tissue_Primary Tumor	MYCN	55	3	Yes
TARGET-30-PAMVLG-01A-01D	PAMVLG_01_Solid Tissue_Primary Tumor	MYCN	3	3	No
TARGET-30-PAMVRA-01A-01W	PAMVRA_01_Solid Tissue_Primary Tumor	MYCN	2	3	No
TARGET-30-PAMYCE-01A-01W	PAMYCE_01_Solid Tissue_Primary Tumor	MYCN	2	3	No
TARGET-30-PAMZGT-01A-01W	PAMZGT_01_Solid Tissue_Primary Tumor	MYCN	23	2	Yes
TARGET-30-PAMZMG-01A-01W	PAMZMG_01_Solid Tissue_Primary Tumor	MYCN	44	3	Yes
TARGET-30-PANBCI-01A-01W	PANBCI_01_Solid Tissue_Primary Tumor	MYCN	28	2	Yes
TARGET-30-PANBMJ-01A-01W	PANBMJ_01_Solid Tissue_Primary Tumor	MYCN	2	2	No
TARGET-30-PANBSP-01A-01W	PANBSP_01_Solid Tissue_Primary Tumor	MYCN	3	3	No
TARGET-30-PANIPC-06A-01W	PANIPC_06_Solid Tissue_Metastatic	MYCN	35	2	Yes
TARGET-30-PANKFE-01A-01W	PANKFE_01_Solid Tissue_Primary Tumor	MYCN	2	2	No
TARGET-30-PANLET-01A-01D	PANLET_01_Solid Tissue_Primary Tumor	MYCN	2	3	No
TARGET-30-PANPVI-01A-01W	PANPVI_01_Solid Tissue_Primary Tumor	MYCN	2	4	No
TARGET-30-PANRHJ-01A-01W	PANRHJ_01_Solid Tissue_Primary Tumor	MYCN	2	2	No
TARGET-30-PANRVJ-01A-01D	PANRVJ_01_Solid Tissue_Primary Tumor	MYCN	2	3	No
TARGET-30-PANSBN-01A-01D	PANSBN_01_Solid Tissue_Primary Tumor	MYCN	2	2	No
TARGET-30-PANUIF-01A-01D	PANUIF_01_Solid Tissue_Primary Tumor	MYCN	3	2	No
TARGET-30-PANUKV-01A-01W	PANUKV_01_Solid Tissue_Primary Tumor	MYCN	2	2	No
TARGET-30-PANWRR-01A-01D	PANWRR_01_Solid Tissue_Primary Tumor	MYCN	2	2	No
TARGET-30-PANXJL-01A-01D	PANXJL_01_Solid Tissue_Primary Tumor	MYCN	2	4	No
TARGET-30-PANYBL-01A-01W	PANYBL_01_Solid Tissue_Primary Tumor	MYCN	2	2	No
TARGET-30-PANYGR-01A-01W	PANYGR_01_Solid Tissue_Primary Tumor	MYCN	2	4	No
TARGET-30-PANZPV-01A-01W	PANZPV_01_Solid Tissue_Primary Tumor	MYCN	2	3	No
TARGET-30-PANZVU-01A-01W	PANZVU_01_Solid Tissue_Primary Tumor	MYCN	2	3	No
TARGET-30-PAPBGH-01A-01W	PAPBGH_01_Solid Tissue_Primary Tumor	MYCN	2	3	No
TARGET-30-PAPBJE-01A-01D	PAPBJE_01_Solid Tissue_Primary Tumor	MYCN	216	2	Yes
TARGET-30-PAPBJT-01A-01W	PAPBJT_01_Solid Tissue_Primary Tumor	MYCN	2	3	No
TARGET-30-PAPBZI-01A-01W	PAPBZI_01_Solid Tissue_Primary Tumor	MYCN	4	2	Yes
TARGET-30-PAPCTS-01A-01D	PAPCTS_01_Solid Tissue_Primary Tumor	MYCN	129	3	Yes
TARGET-30-PAPEFE-01A-01W	PAPEFE_01_Solid Tissue_Primary Tumor	MYCN	7	2	Yes
TARGET-30-PAPHPE-01A-01W	PAPHPE_01_Solid Tissue_Primary Tumor	MYCN	3	3	No
TARGET-30-PAPKWN-01A-01W	PAPKWN_01_Solid Tissue_Primary Tumor	MYCN	13	2	Yes
TARGET-30-PAPKXS-01A-01D	PAPKXS_01_Solid Tissue_Primary Tumor	MYCN	3	2	No
TARGET-30-PAPLSD-01A-01D	PAPLSD_01_Solid Tissue_Primary Tumor	MYCN	3	2	No
TARGET-30-PAPNEP-01A-01W	PAPNEP_01_Solid Tissue_Primary Tumor	MYCN	42	3	Yes
TARGET-30-PAPPKJ-01A-01W	PAPPKJ_01_Solid Tissue_Primary Tumor	MYCN	4	3	Yes
TARGET-30-PAPREJ-01A-01D	PAPREJ_01_Solid Tissue_Primary Tumor	MYCN	181	2	Yes
TARGET-30-PAPRMJ-01A-01D	PAPRMJ_01_Solid Tissue_Primary Tumor	MYCN	2	2	No
TARGET-30-PAPRPR-01A-01D	PAPRPR_01_Solid Tissue_Primary Tumor	MYCN	69	2	Yes
TARGET-30-PAPRXW-01A-01D	PAPRXW_01_Solid Tissue_Primary Tumor	MYCN	29	2	Yes
TARGET-30-PAPSMC-01A-01W	PAPSMC_01_Solid Tissue_Primary Tumor	MYCN	34	2	Yes
TARGET-30-PAPTAN-01A-01D	PAPTAN_01_Solid Tissue_Primary Tumor	MYCN	2	2	No
TARGET-30-PAPTCR-01A-01D	PAPTCR_01_Solid Tissue_Primary Tumor	MYCN	2	2	No
TARGET-30-PAPTFZ-01A-01D	PAPTFZ_01_Solid Tissue_Primary Tumor	MYCN	125	2	Yes
TARGET-30-PAPTJB-01A-01D	PAPTJB_01_Solid Tissue_Primary Tumor	MYCN	4	3	Yes
TARGET-30-PAPTLA-01A-01D	PAPTLA_01_Solid Tissue_Primary Tumor	MYCN	3	2	No
TARGET-30-PAPTLV-01A-01D	PAPTLV_01_Solid Tissue_Primary Tumor	MYCN	24	2	Yes
TARGET-30-PAPUJU-01A-01D	PAPUJU_01_Solid Tissue_Primary Tumor	MYCN	2	3	No
TARGET-30-PAPUWY-01A-01D	PAPUWY_01_Solid Tissue_Primary Tumor	MYCN	2	3	No
TARGET-30-PAPVRN-01A-01D	PAPVRN_01_Solid Tissue_Primary Tumor	MYCN	2	3	No
TARGET-30-PAPVXS-01A-01D	PAPVXS_01_Solid Tissue_Primary Tumor	MYCN	3	3	No
TARGET-30-PAPWFY-01A-01D	PAPWFY_01_Solid Tissue_Primary Tumor	MYCN	34	3	Yes
TARGET-30-PAPYNZ-01A-01D	PAPYNZ_01_Solid Tissue_Primary Tumor	MYCN	69	2	Yes
TARGET-30-PAPZFW-01A-01D	PAPZFW_01_Solid Tissue_Primary Tumor	MYCN	2	3	No
TARGET-30-PAMDAL-01A-01W	PAMDAL_01_Solid Tissue_Primary Tumor	MYCN	50	3	Yes
TARGET-30-PAPVFD-01A-01D	PAPVFD_01_Solid Tissue_Primary Tumor	MYCN	2	3	No
TARGET-30-PAPZYZ-01A-01D	PAPZYZ_01_Solid Tissue_Primary Tumor	MYCN	131	3	Yes
TARGET-30-PARABJ-01A-01D	PARABJ_01_Solid Tissue_Primary Tumor	MYCN	2	3	No
TARGET-30-PARACR-01A-01D	PARACR_01_Solid Tissue_Primary Tumor	MYCN	3	2	No
TARGET-30-PARACS-01A-01D	PARACS_01_Solid Tissue_Primary Tumor	MYCN	3	3	No
TARGET-30-PARAMT-01A-01D	PARAMT_01_Solid Tissue_Primary Tumor	MYCN	3	3	No
TARGET-30-PARASL-01A-01D	PARASL_01_Solid Tissue_Primary Tumor	MYCN	3	2	No
TARGET-30-PARBGP-01A-01D	PARBGP_01_Solid Tissue_Primary Tumor	MYCN	2	3	No
TARGET-30-PARBLH-01A-01D	PARBLH_01_Solid Tissue_Primary Tumor	MYCN	2	3	No
TARGET-30-PARCRR-01A-01D	PARCRR_01_Solid Tissue_Primary Tumor	MYCN	3	2	No
TARGET-30-PARDCK-01A-01D	PARDCK_01_Solid Tissue_Primary Tumor	MYCN	2	3	No
TARGET-30-PARDIW-01A-01D	PARDIW_01_Solid Tissue_Primary Tumor	MYCN	2	4	No
TARGET-30-PARDVT-01A-01D	PARDVT_01_Solid Tissue_Primary Tumor	MYCN	3	3	No
TARGET-30-PARDYU-01A-01D	PARDYU_01_Solid Tissue_Primary Tumor	MYCN	213	3	Yes
TARGET-30-PAREAG-01A-01D	PAREAG_01_Solid Tissue_Primary Tumor	MYCN	2	2	No
TARGET-30-PARETE-01A-01D	PARETE_01_Solid Tissue_Primary Tumor	MYCN	2	3	No
TARGET-30-PARFWB-01A-01D	PARFWB_01_Solid Tissue_Primary Tumor	MYCN	2	2	No
TARGET-30-PARGHY-01A-01D	PARGHY_01_Solid Tissue_Primary Tumor	MYCN	2	2	No
TARGET-30-PARGKK-01A-01D	PARGKK_01_Solid Tissue_Primary Tumor	MYCN	2	2	No
TARGET-30-PARGZK-01A-01D	PARGZK_01_Solid Tissue_Primary Tumor	MYCN	2	2	No
TARGET-30-PARHDE-01A-01D	PARHDE_01_Solid Tissue_Primary Tumor	MYCN	2	2	No
TARGET-30-PARHUX-01A-01D	PARHUX_01_Solid Tissue_Primary Tumor	MYCN	3	2	No
TARGET-30-PARJEN-01A-01D	PARJEN_01_Solid Tissue_Primary Tumor	MYCN	35	3	Yes
TARGET-30-PARJMX-01A-01D	PARJMX_01_Solid Tissue_Primary Tumor	MYCN	2	2	No
TARGET-30-PARKAG-01A-01D	PARKAG_01_Solid Tissue_Primary Tumor	MYCN	99	2	Yes
TARGET-30-PARKGJ-01A-01D	PARKGJ_01_Solid Tissue_Primary Tumor	MYCN	3	2	No
TARGET-30-PARKNP-01A-01D	PARKNP_01_Solid Tissue_Primary Tumor	MYCN	2	3	No
TARGET-30-PARKZF-01A-01D	PARKZF_01_Solid Tissue_Primary Tumor	MYCN	103	2	Yes
TARGET-30-PARLMK-01A-01D	PARLMK_01_Solid Tissue_Primary Tumor	MYCN	2	3	No
TARGET-30-PARLTG-01A-01D	PARLTG_01_Solid Tissue_Primary Tumor	MYCN	3	3	No
TARGET-30-PARMDD-01A-01D	PARMDD_01_Solid Tissue_Primary Tumor	MYCN	2	3	No
TARGET-30-PARMLF-01A-01D	PARMLF_01_Solid Tissue_Primary Tumor	MYCN	3	3	No
TARGET-30-PARMPP-01A-01D	PARMPP_01_Solid Tissue_Primary Tumor	MYCN	2	2	No
TARGET-30-PARNLJ-01A-01D	PARNLJ_01_Solid Tissue_Primary Tumor	MYCN	101	3	Yes
TARGET-30-PARNNG-01A-01D	PARNNG_01_Solid Tissue_Primary Tumor	MYCN	2	4	No
TARGET-30-PARNTS-01A-01D	PARNTS_01_Solid Tissue_Primary Tumor	MYCN	32	3	Yes
TARGET-30-PARPGU-01A-01D	PARPGU_01_Solid Tissue_Primary Tumor	MYCN	2	2	No
TARGET-30-PARRLH-01A-01D	PARRLH_01_Solid Tissue_Primary Tumor	MYCN	3	2	No
TARGET-30-PARSBI-01A-01D	PARSBI_01_Solid Tissue_Primary Tumor	MYCN	2	4	No
TARGET-30-PARSRJ-01A-01D	PARSRJ_01_Solid Tissue_Primary Tumor	MYCN	26	3	Yes
TARGET-30-PARUPN-01A-01D	PARUPN_01_Solid Tissue_Primary Tumor	MYCN	2	2	No
TARGET-30-PARURB-01A-01D	PARURB_01_Solid Tissue_Primary Tumor	MYCN	3	2	No
TARGET-30-PARVFJ-01A-01D	PARVFJ_01_Solid Tissue_Primary Tumor	MYCN	2	3	No
TARGET-30-PARVLK-01A-01D	PARVLK_01_Solid Tissue_Primary Tumor	MYCN	2	3	No
TARGET-30-PARVNT-01A-01D	PARVNT_01_Solid Tissue_Primary Tumor	MYCN	6	2	Yes
TARGET-30-PARYNK-01A-01D	PARYNK_01_Solid Tissue_Primary Tumor	MYCN	2	2	No
TARGET-30-PARYXW-01A-01D	PARYXW_01_Solid Tissue_Primary Tumor	MYCN	5	2	Yes
TARGET-30-PARZIP-01A-01D	PARZIP_01_Solid Tissue_Primary Tumor	MYCN	3	4	No
TARGET-30-PARZMY-06A-01D	PARZMY_06_Solid Tissue_Metastatic	MYCN	84	2	Yes
TARGET-30-PASAAN-01A-01D	PASAAN_01_Solid Tissue_Primary Tumor	MYCN	2	2	No
TARGET-30-PASAJU-01A-01D	PASAJU_01_Solid Tissue_Primary Tumor	MYCN	2	2	No
TARGET-30-PASBGV-01A-01D	PASBGV_01_Solid Tissue_Primary Tumor	MYCN	2	2	No
TARGET-30-PASCDX-01A-01D	PASCDX_01_Solid Tissue_Primary Tumor	MYCN	106	3	Yes
TARGET-30-PASCJJ-01A-01D	PASCJJ_01_Solid Tissue_Primary Tumor	MYCN	3	3	No
TARGET-30-PASEGA-01A-01D	PASEGA_01_Solid Tissue_Primary Tumor	MYCN	2	2	No
TARGET-30-PASFGG-01A-01D	PASFGG_01_Solid Tissue_Primary Tumor	MYCN	2	2	No
TARGET-30-PASFNY-01A-01D	PASFNY_01_Solid Tissue_Primary Tumor	MYCN	109	2	Yes
TARGET-30-PASGAP-01A-01D	PASGAP_01_Solid Tissue_Primary Tumor	MYCN	2	3	No
TARGET-30-PASGUT-01A-01D	PASGUT_01_Solid Tissue_Primary Tumor	MYCN	2	3	No
TARGET-30-PASKFV-01A-01D	PASKFV_01_Solid Tissue_Primary Tumor	MYCN	3	2	No
TARGET-30-PASKTB-01A-01D	PASKTB_01_Solid Tissue_Primary Tumor	MYCN	2	3	No
TARGET-30-PASMJG-01A-01D	PASMJG_01_Solid Tissue_Primary Tumor	MYCN	2	2	No
TARGET-30-PASMNT-01A-01D	PASMNT_01_Solid Tissue_Primary Tumor	MYCN	2	2	No
TARGET-30-PASNEF-01A-01D	PASNEF_01_Solid Tissue_Primary Tumor	MYCN	2	3	No
TARGET-30-PASNZU-01A-01D	PASNZU_01_Solid Tissue_Primary Tumor	MYCN	152	2	Yes
TARGET-30-PASPER-01A-01D	PASPER_01_Solid Tissue_Primary Tumor	MYCN	2	2	No
TARGET-30-PASRFS-01A-01D	PASRFS_01_Solid Tissue_Primary Tumor	MYCN	2	2	No
TARGET-30-PASSRN-01A-01D	PASSRN_01_Solid Tissue_Primary Tumor	MYCN	522	2	Yes
TARGET-30-PASSRS-01A-01D	PASSRS_01_Solid Tissue_Primary Tumor	MYCN	2	4	No
TARGET-30-PASSWB-01A-01D	PASSWB_01_Solid Tissue_Primary Tumor	MYCN	329	2	Yes
TARGET-30-PASTCN-01A-01D	PASTCN_01_Solid Tissue_Primary Tumor	MYCN	2	3	No
TARGET-30-PASTKC-01A-01D	PASTKC_01_Solid Tissue_Primary Tumor	MYCN	2	4	No
TARGET-30-PASTKW-01A-01D	PASTKW_01_Solid Tissue_Primary Tumor	MYCN	3	2	No
TARGET-30-PASTXR-01A-01D	PASTXR_01_Solid Tissue_Primary Tumor	MYCN	2	3	No
TARGET-30-PASUCB-01A-01D	PASUCB_01_Solid Tissue_Primary Tumor	MYCN	2	3	No
TARGET-30-PASUYG-01A-01D	PASUYG_01_Solid Tissue_Primary Tumor	MYCN	3	3	No
TARGET-30-PASVRU-01A-01D	PASVRU_01_Solid Tissue_Primary Tumor	MYCN	121	3	Yes
TARGET-30-PASWAU-01A-01D	PASWAU_01_Solid Tissue_Primary Tumor	MYCN	2	2	No
TARGET-30-PASWFB-01A-01D	PASWFB_01_Solid Tissue_Primary Tumor	MYCN	195	3	Yes
TARGET-30-PASWIJ-01A-01D	PASWIJ_01_Solid Tissue_Primary Tumor	MYCN	3	3	No
TARGET-30-PASWLY-01A-01D	PASWLY_01_Solid Tissue_Primary Tumor	MYCN	2	3	No
TARGET-30-PASWVY-01A-01D	PASWVY_01_Solid Tissue_Primary Tumor	MYCN	4	2	Yes
TARGET-30-PASWYR-01A-01D	PASWYR_01_Solid Tissue_Primary Tumor	MYCN	138	2	Yes
TARGET-30-PASXGP-01A-01D	PASXGP_01_Solid Tissue_Primary Tumor	MYCN	2	2	No
TARGET-30-PASXHE-01A-01D	PASXHE_01_Solid Tissue_Primary Tumor	MYCN	3	2	No
TARGET-30-PASXIE-01A-01D	PASXIE_01_Solid Tissue_Primary Tumor	MYCN	3	2	No
TARGET-30-PASXNN-01A-01D	PASXNN_01_Solid Tissue_Primary Tumor	MYCN	2	3	No
TARGET-30-PASXRJ-01A-01D	PASXRJ_01_Solid Tissue_Primary Tumor	MYCN	2	2	No
TARGET-30-PASYLD-01A-01D	PASYLD_01_Solid Tissue_Primary Tumor	MYCN	2	2	No
TARGET-30-PASYMX-01A-01D	PASYMX_01_Solid Tissue_Primary Tumor	MYCN	3	4	No
TARGET-30-PASYPX-01A-01D	PASYPX_01_Solid Tissue_Primary Tumor	MYCN	3	3	No
TARGET-30-PASZPI-01A-01D	PASZPI_01_Solid Tissue_Primary Tumor	MYCN	44	2	Yes
TARGET-30-PATBMM-01A-01D	PATBMM_01_Solid Tissue_Primary Tumor	MYCN	2	3	No
TARGET-30-PATCFL-01A-01D	PATCFL_01_Solid Tissue_Primary Tumor	MYCN	2	2	No
TARGET-30-PATDWN-01A-01D	PATDWN_01_Solid Tissue_Primary Tumor	MYCN	238	2	Yes
TARGET-30-PATDXC-01A-01D	PATDXC_01_Solid Tissue_Primary Tumor	MYCN	3	3	No
TARGET-30-PATDXG-01A-01D	PATDXG_01_Solid Tissue_Primary Tumor	MYCN	118	2	Yes
TARGET-30-PATEKG-01A-01D	PATEKG_01_Solid Tissue_Primary Tumor	MYCN	2	2	No
TARGET-30-PATEPF-01A-01D	PATEPF_01_Solid Tissue_Primary Tumor	MYCN	2	2	No
TARGET-30-PATESI-01A-01D	PATESI_01_Solid Tissue_Primary Tumor	MYCN	105	2	Yes
TARGET-30-PASXRG-01A-01D	PASXRG_01_Solid Tissue_Primary Tumor	MYCN	14	3	Yes
TARGET-30-PATFCY-01A-01D	PATFCY_01_Solid Tissue_Primary Tumor	MYCN	2	3	No
TARGET-30-PATFIN-01A-01D	PATFIN_01_Solid Tissue_Primary Tumor	MYCN	128	4	Yes
TARGET-30-PATFXV-01A-01D	PATFXV_01_Solid Tissue_Primary Tumor	MYCN	188	3	Yes
TARGET-30-PATGLU-01A-01D	PATGLU_01_Solid Tissue_Primary Tumor	MYCN	3	2	No
TARGET-30-PATGWT-01A-01D	PATGWT_01_Solid Tissue_Primary Tumor	MYCN	129	3	Yes
TARGET-30-PATHVK-01A-01D	PATHVK_01_Solid Tissue_Primary Tumor	MYCN	4	4	Yes
TARGET-30-PATILE-01A-01D	PATILE_01_Solid Tissue_Primary Tumor	MYCN	2	3	No
TARGET-30-PATINJ-01A-01D	PATINJ_01_Solid Tissue_Primary Tumor	MYCN	2	2	No
TARGET-40-0A4HLD-01A-01D	0A4HLD_01_Solid Tissue_Primary Tumor	MYCN	1	3	No
TARGET-40-0A4HMC-01A-01D	0A4HMC_01_Solid Tissue_Primary Tumor	MYCN	3	2	No
TARGET-40-0A4HX8-01A-01D	0A4HX8_01_Solid Tissue_Primary Tumor	MYCN	2	3	No
TARGET-40-0A4HXS-01A-01D	0A4HXS_01_Solid Tissue_Primary Tumor	MYCN	2	3	No
TARGET-40-0A4HY5-01A-01D	0A4HY5_01_Solid Tissue_Primary Tumor	MYCN	2	3	No
TARGET-40-0A4I0W-01A-01D	0A4I0W_01_Solid Tissue_Primary Tumor	MYCN	2	2	No
TARGET-40-0A4I3S-01A-01D	0A4I3S_01_Solid Tissue_Primary Tumor	MYCN	2	3	No
TARGET-40-0A4I48-01A-01D	0A4I48_01_Solid Tissue_Primary Tumor	MYCN	3	2	No
TARGET-40-0A4I4E-01A-01D	0A4I4E_01_Solid Tissue_Primary Tumor	MYCN	2	3	No
TARGET-40-0A4I5B-01A-01D	0A4I5B_01_Solid Tissue_Primary Tumor	MYCN	2	2	No
TARGET-40-0A4I65-01A-01D	0A4I65_01_Solid Tissue_Primary Tumor	MYCN	2	2	No
TARGET-40-0A4I6O-01A-01D	0A4I6O_01_Solid Tissue_Primary Tumor	MYCN	2	3	No
TARGET-40-0A4I8U-01A-01D	0A4I8U_01_Solid Tissue_Primary Tumor	MYCN	3	4	No
TARGET-40-0A4I9K-01A-01D	0A4I9K_01_Solid Tissue_Primary Tumor	MYCN	3	2	No
TARGET-40-PAKFVX-01A-01D	PAKFVX_01_Solid Tissue_Primary Tumor	MYCN	3	2	No
TARGET-40-PAKUZU-01A-01D	PAKUZU_01_Solid Tissue_Primary Tumor	MYCN	2	3	No
TARGET-40-PAKXLD-01A-01D	PAKXLD_01_Solid Tissue_Primary Tumor	MYCN	2	2	No
TARGET-40-PAKZZK-01A-01Y	PAKZZK_01_Solid Tissue_Primary Tumor	MYCN	2	3	No
TARGET-40-PALECC-01A-01D	PALECC_01_Solid Tissue_Primary Tumor	MYCN	2	2	No
TARGET-40-PALFYN-01A-01D	PALFYN_01_Solid Tissue_Primary Tumor	MYCN	2	2	No
TARGET-40-PALHRL-01A-01D	PALHRL_01_Solid Tissue_Primary Tumor	MYCN	2	2	No
TARGET-40-PALKDP-01A-01D	PALKDP_01_Solid Tissue_Primary Tumor	MYCN	3	2	No
TARGET-40-PALKGN-01A-01D	PALKGN_01_Solid Tissue_Primary Tumor	MYCN	2	2	No
TARGET-40-PALWWX-01A-01D	PALWWX_01_Solid Tissue_Primary Tumor	MYCN	1	3	No
TARGET-40-PALZGU-01A-01D	PALZGU_01_Solid Tissue_Primary Tumor	MYCN	1	2	No
TARGET-40-PAMEKS-01A-01D	PAMEKS_01_Solid Tissue_Primary Tumor	MYCN	3	3	No
TARGET-40-PAMHLF-01A-01Y	PAMHLF_01_Solid Tissue_Primary Tumor	MYCN	2	2	No
TARGET-40-PAMHLF-01A-02D	PAMHLF_01_Solid Tissue_Primary Tumor	MYCN	2	3	No
TARGET-40-PAMHYN-01A-01D	PAMHYN_01_Solid Tissue_Primary Tumor	MYCN	2	3	No
TARGET-40-PAMJXS-01A-01D	PAMJXS_01_Solid Tissue_Primary Tumor	MYCN	2	2	No
TARGET-40-PAMLKS-01A-01D	PAMLKS_01_Solid Tissue_Primary Tumor	MYCN	3	3	No
TARGET-40-PAMRHD-01A-01D	PAMRHD_01_Solid Tissue_Primary Tumor	MYCN	2	4	No
TARGET-40-PAMTCM-01A-01D	PAMTCM_01_Solid Tissue_Primary Tumor	MYCN	3	2	No
TARGET-40-PAMYYJ-01A-01D	PAMYYJ_01_Solid Tissue_Primary Tumor	MYCN	3	2	No
TARGET-40-PANGPE-01A-01D	PANGPE_01_Solid Tissue_Primary Tumor	MYCN	2	2	No
TARGET-40-PANGRW-01A-02D	PANGRW_01_Solid Tissue_Primary Tumor	MYCN	2	2	No
TARGET-40-PANMIG-01A-01Y	PANMIG_01_Solid Tissue_Primary Tumor	MYCN	2	2	No
TARGET-40-PANPUM-01A-01D	PANPUM_01_Solid Tissue_Primary Tumor	MYCN	1	2	No
TARGET-40-PANSEN-01A-01D	PANSEN_01_Solid Tissue_Primary Tumor	MYCN	1	2	No
TARGET-40-PANVJJ-01A-01Y	PANVJJ_01_Solid Tissue_Primary Tumor	MYCN	2	3	No
TARGET-40-PANXSC-01A-01D	PANXSC_01_Solid Tissue_Primary Tumor	MYCN	1	2	No
TARGET-40-PANZHX-01A-01D	PANZHX_01_Solid Tissue_Primary Tumor	MYCN	2	4	No
TARGET-40-PANZZJ-01A-01Y	PANZZJ_01_Solid Tissue_Primary Tumor	MYCN	2	3	No
TARGET-40-PAPFLB-01A-01D	PAPFLB_01_Solid Tissue_Primary Tumor	MYCN	3	3	No
TARGET-40-PAPIJR-01A-01D	PAPIJR_01_Solid Tissue_Primary Tumor	MYCN	3	2	No
TARGET-40-PAPKWD-01A-01D	PAPKWD_01_Solid Tissue_Primary Tumor	MYCN	3	2	No
TARGET-40-PAPNVD-01A-01D	PAPNVD_01_Solid Tissue_Primary Tumor	MYCN	3	2	No
TARGET-40-PAPWWC-01A-01D	PAPWWC_01_Solid Tissue_Primary Tumor	MYCN	5	2	Yes
TARGET-40-PAPXGT-01A-01D	PAPXGT_01_Solid Tissue_Primary Tumor	MYCN	2	2	No
TARGET-40-PARBGW-01A-01Y	PARBGW_01_Solid Tissue_Primary Tumor	MYCN	2	3	No
TARGET-40-PARDAX-01A-01D	PARDAX_01_Solid Tissue_Primary Tumor	MYCN	3	4	No
TARGET-40-PARFTG-01A-01D	PARFTG_01_Solid Tissue_Primary Tumor	MYCN	3	2	No
TARGET-40-PARGTM-01A-01D	PARGTM_01_Solid Tissue_Primary Tumor	MYCN	3	3	No
TARGET-40-PARJXU-01A-01D	PARJXU_01_Solid Tissue_Primary Tumor	MYCN	2	3	No
TARGET-40-PARKAF-01A-01D	PARKAF_01_Solid Tissue_Primary Tumor	MYCN	3	4	No
TARGET-40-PASEBY-01A-01D	PASEBY_01_Solid Tissue_Primary Tumor	MYCN	2	2	No
TARGET-40-PASEFS-01A-01D	PASEFS_01_Solid Tissue_Primary Tumor	MYCN	2	2	No
TARGET-40-PASFCV-01A-01D	PASFCV_01_Solid Tissue_Primary Tumor	MYCN	2	2	No
TARGET-40-PASKZZ-01A-01D	PASKZZ_01_Solid Tissue_Primary Tumor	MYCN	2	2	No
TARGET-40-PASNZV-01A-01D	PASNZV_01_Solid Tissue_Primary Tumor	MYCN	2	2	No
TARGET-40-PASRNE-01A-01D	PASRNE_01_Solid Tissue_Primary Tumor	MYCN	1	3	No
TARGET-40-PASSLM-01A-01D	PASSLM_01_Solid Tissue_Primary Tumor	MYCN	1	2	No
TARGET-40-PASUUH-01A-01D	PASUUH_01_Solid Tissue_Primary Tumor	MYCN	2	3	No
TARGET-40-PASYUK-01A-01D	PASYUK_01_Solid Tissue_Primary Tumor	MYCN	2	3	No
TARGET-40-PATAWV-01A-01D	PATAWV_01_Solid Tissue_Primary Tumor	MYCN	3	2	No
TARGET-40-PATEEM-01A-01Y	PATEEM_01_Solid Tissue_Primary Tumor	MYCN	2	2	No
TARGET-40-PATJVI-01A-01D	PATJVI_01_Solid Tissue_Primary Tumor	MYCN	3	2	No
TARGET-40-PATMPU-01A-01D	PATMPU_01_Solid Tissue_Primary Tumor	MYCN	2	2	No
TARGET-40-PATMXR-01A-01D	PATMXR_01_Solid Tissue_Primary Tumor	MYCN	2	2	No
TARGET-40-PATPBS-01A-01D	PATPBS_01_Solid Tissue_Primary Tumor	MYCN	2	4	No
TARGET-40-PATUXZ-01A-01D	PATUXZ_01_Solid Tissue_Primary Tumor	MYCN	3	2	No
BS_00PH2T1P	PAUIJR_01_Solid Tissue_Primary Tumor	MYCN	3	2	No
BS_01BDZ0TW	PATXKG_01_Solid Tissue_Primary Tumor	MYCN	31	2	Yes
BS_04B8X54S	PT_ATE3YRH5_7316-3308_Solid Tissue_Initial CNS Tumor	MYCN	1	2	No
BS_0QTY32QA	PATZZJ_01_Solid Tissue_Primary Tumor	MYCN	3	2	No
BS_0RBGK29M	PASMIU_01_Solid Tissue_Primary Tumor	MYCN	3	2	No
BS_0TER803R	PAVFAP_01_Solid Tissue_Primary Tumor	MYCN	3	4	No
BS_0XR7GYAV	PT_XHYBZKCX_7316-2972_Solid Tissue_Initial CNS Tumor	MYCN	3	2	No
BS_1AMAP96X	PT_AY2BVCYP_7316-5890_Solid Tissue_Initial CNS Tumor	MYCN	1	4	No
BS_1FR8GJ7N	PATWGR_01_Solid Tissue_Primary Tumor	MYCN	188	2	Yes
BS_1G5N5R8S	PARYEH_01_Solid Tissue_Primary Tumor	MYCN	3	4	No
BS_25VZM81R	PT_W7FK539G_7316-76_Solid Tissue_Progressive	MYCN	4	2	Yes
BS_29DZNQYC	PARXPD_01_Solid Tissue_Primary Tumor	MYCN	3	4	No
BS_2FPVHEQS	PAUUHY_01_Solid Tissue_Primary Tumor	MYCN	145	2	Yes
BS_2N95EW0G	PASXIE_01_Solid Tissue_Primary Tumor	MYCN	6	4	Yes
BS_2NPW3A08	PAVBLT_01_Solid Tissue_Primary Tumor	MYCN	3	2	No
BS_2P6MH05V	PATGLU_01_Solid Tissue_Primary Tumor	MYCN	3	2	No
BS_2R0QBATZ	PAUKLK_01_Solid Tissue_Primary Tumor	MYCN	125	2	Yes
BS_2SG8JNMB	PT_NNZQ09SH_7316-1109_Solid Tissue_Recurrence	MYCN	1	4	No
BS_2X9EVKZ0	PASFKX_01_Solid Tissue_Primary Tumor	MYCN	3	4	No
BS_30NT6PNA	PASIIB_01_Solid Tissue_Primary Tumor	MYCN	3	2	No
BS_3564XTTK	PASNUI_01_Solid Tissue_Primary Tumor	MYCN	647	2	Yes
BS_3AKS23A0	PATLFX_01_Solid Tissue_Primary Tumor	MYCN	3	2	No
BS_3CVTNBQ3	PASLMN_01_Solid Tissue_Primary Tumor	MYCN	3	2	No
BS_3KPKZVGX	PAVIZV_01_Solid Tissue_Primary Tumor	MYCN	3	2	No
BS_3RCKRJB1	PT_062ZW10V_7316-5423_Solid Tissue_Deceased	MYCN	3	2	No
BS_3XJNGJ8X	PT_QA00MAJ9_7316-6137_Solid Tissue_Initial CNS Tumor	MYCN	1	2	No
BS_4D9SK48F	PATNZJ_01_Solid Tissue_Primary Tumor	MYCN	75	2	Yes
BS_4G4PK2D4	PASXVW_01_Solid Tissue_Primary Tumor	MYCN	3	4	No
BS_4J8JK335	PAUJEJ_01_Solid Tissue_Primary Tumor	MYCN	5	2	Yes
BS_4NPEMNAD	PT_DFCZAG9T_7316-224_Solid Tissue_Initial CNS Tumor	MYCN	100	2	Yes
BS_4WSW3X49	PATKPD_01_Solid Tissue_Primary Tumor	MYCN	3	2	No
BS_4ZE1R1FW	PAUDEK_01_Solid Tissue_Primary Tumor	MYCN	3	4	No
BS_55AHFCX4	PAUIHH_01_Solid Tissue_Primary Tumor	MYCN	24	2	Yes
BS_55PH1SAS	PATRZM_01_Solid Tissue_Primary Tumor	MYCN	4	3	Yes
BS_56CA6BFQ	PAUUHH_01_Solid Tissue_Primary Tumor	MYCN	72	2	Yes
BS_57ZNS4K5	PT_765TC2XG_7316-1964_Solid Tissue_Initial CNS Tumor	MYCN	3	2	No
BS_588QYDB1	PATWDV_01_Solid Tissue_Primary Tumor	MYCN	3	4	No
BS_59BAHXTQ	PAVJMA_01_Solid Tissue_Primary Tumor	MYCN	1	4	No
BS_5ACNB1BG	PAULDT_01_Solid Tissue_Primary Tumor	MYCN	3	3	No
BS_5BB8J64W	PAUPWN_01_Solid Tissue_Primary Tumor	MYCN	3	2	No
BS_5BFNH9S6	PASFWL_01_Solid Tissue_Primary Tumor	MYCN	3	4	No
BS_5V2XCW17	PT_3KWSRWZN_7316-2648_Solid Tissue_Initial CNS Tumor	MYCN	1	4	No
BS_64P50TAP	PATFIK_01_Solid Tissue_Primary Tumor	MYCN	3	2	No
BS_65Q0974Q	PT_MGJJBG0T_7316-7667_Solid Tissue_Deceased	MYCN	4	2	Yes
BS_69KVWAWK	PASMUB_01_Solid Tissue_Primary Tumor	MYCN	3	2	No
BS_69VS8PS1	PT_DQT78GS5_7316-3326_Solid Tissue_Initial CNS Tumor	MYCN	3	2	No
BS_6K2SSJ77	PAVFZW_09_Bone Marrow_Primary Tumor	MYCN	3	2	No
BS_6S50RDHT	PATVKI_01_Solid Tissue_Primary Tumor	MYCN	3	2	No
BS_75HW641M	PARXDW_01_Solid Tissue_Primary Tumor	MYCN	3	2	No
BS_76SQJSHP	PATXTF_01_Solid Tissue_Primary Tumor	MYCN	5	3	Yes
BS_7BJQNVK8	PAVINE_01_Solid Tissue_Primary Tumor	MYCN	3	2	No
BS_7HRQNWJY	PATWPL_01_Solid Tissue_Primary Tumor	MYCN	3	3	No
BS_7NXB23C9	PATJGB_01_Solid Tissue_Primary Tumor	MYCN	3	2	No
BS_7TX8VPSN	PT_HV6XEG0K_7316-3137_Solid Tissue_Initial CNS Tumor	MYCN	1	4	No
BS_89V49XKJ	PATHJZ_01_Solid Tissue_Primary Tumor	MYCN	3	2	No
BS_8C5QG3GE	PAUHSJ_01_Solid Tissue_Primary Tumor	MYCN	164	2	Yes
BS_8DB19DYW	PATNEA_01_Solid Tissue_Primary Tumor	MYCN	3	2	No
BS_8XDZQKSD	PASWYR_01_Solid Tissue_Primary Tumor	MYCN	3	2	No
BS_9ANMMYJS	PT_287JKJ5R_7316-7138_Solid Tissue_Deceased	MYCN	3	2	No
BS_9JVGXA2W	PT_KVFS3Z2Q_7316-1955_Solid Tissue_Initial CNS Tumor	MYCN	1	2	No
BS_9ND96NYZ	PASUEZ_01_Solid Tissue_Primary Tumor	MYCN	3	3	No
BS_9PEJSEZG	PATPFG_01_Solid Tissue_Primary Tumor	MYCN	3	2	No
BS_9ZDR2H7D	PASXSJ_01_Solid Tissue_Primary Tumor	MYCN	106	3	Yes
BS_A11S37GE	PASTWV_01_Solid Tissue_Primary Tumor	MYCN	1	2	No
BS_A527Y2QF	PATZRF_01_Solid Tissue_Primary Tumor	MYCN	18	2	Yes
BS_A5AQFAFA	PATLKI_01_Solid Tissue_Primary Tumor	MYCN	3	2	No
BS_ACCE0MEA	PASPGB_01_Solid Tissue_Primary Tumor	MYCN	3	2	No
BS_AE718N55	PASLTC_01_Solid Tissue_Primary Tumor	MYCN	3	2	No
BS_APY3G22J	PASWEE_01_Solid Tissue_Primary Tumor	MYCN	3	2	No
BS_B2RYV4GG	PATTHB_01_Solid Tissue_Primary Tumor	MYCN	3	2	No
BS_B4P1NP87	PT_3VCS1PPF_7316-198_Solid Tissue_Initial CNS Tumor	MYCN	27	2	Yes
BS_B80Z459E	PASUTC_01_Solid Tissue_Primary Tumor	MYCN	4	4	Yes
BS_BBCM52QE	PT_23K3YS1P_7316-189_Solid Tissue_Initial CNS Tumor	MYCN	3	2	No
BS_BF83XX7P	PATSCT_01_Solid Tissue_Primary Tumor	MYCN	3	2	No
BS_BHKAK446	PASZYY_01_Solid Tissue_Primary Tumor	MYCN	203	2	Yes
BS_BTRGQHM4	PAULZB_01_Solid Tissue_Primary Tumor	MYCN	3	2	No
BS_CD6KRB1K	PASRRY_01_Solid Tissue_Primary Tumor	MYCN	3	2	No
BS_CH0ZV29W	PASREV_09_Bone Marrow_Primary Tumor	MYCN	3	2	No
BS_CK7CPM73	PT_RXT6KRR6_7316-3147_Solid Tissue_Recurrence	MYCN	3	2	No
BS_CP8741SX	PATRNL_01_Solid Tissue_Primary Tumor	MYCN	3	2	No
BS_CQ40NN4X	PATSVA_01_Solid Tissue_Primary Tumor	MYCN	23	2	Yes
BS_CQC29CK5	PAVAHC_01_Solid Tissue_Primary Tumor	MYCN	3	2	No
BS_CWPHVM94	PAUYJS_01_Solid Tissue_Primary Tumor	MYCN	4	3	Yes
BS_D3Z495GB	PT_MGJJBG0T_7316-7667_Solid Tissue_Deceased	MYCN	3	2	No
BS_DFJYRYV1	PASJTA_01_Solid Tissue_Primary Tumor	MYCN	3	2	No
BS_DGV11G69	PASZTC_01_Solid Tissue_Primary Tumor	MYCN	3	2	No
BS_DHC9SHF6	PAUTRA_01_Solid Tissue_Primary Tumor	MYCN	3	2	No
BS_DWYR5CTE	PASCWD_01_Solid Tissue_Primary Tumor	MYCN	132	3	Yes
BS_DZ998H9P	PATDCJ_01_Solid Tissue_Primary Tumor	MYCN	3	2	No
BS_E4V8XN3G	PATIYD_09_Bone Marrow_Primary Tumor	MYCN	3	2	No
BS_E5D4TMHP	PT_WJCD2NS0_7316-5315_Solid Tissue_Recurrence	MYCN	4	3	Yes
BS_E5H6CFYT	PT_6Q0NPVP3_7316-2255_Solid Tissue_Initial CNS Tumor	MYCN	3	2	No
BS_E9YW2KHS	PAUNZM_01_Solid Tissue_Primary Tumor	MYCN	3	2	No
BS_EQE447QB	PASGRL_01_Solid Tissue_Primary Tumor	MYCN	3	2	No
BS_FAEHNS3Q	PASUCU_01_Solid Tissue_Primary Tumor	MYCN	3	2	No
BS_FF73TT6D	PT_JP1FDKN9_7316-929_Solid Tissue_Recurrence	MYCN	1	3	No
BS_FJP95JXF	PAUJRW_01_Solid Tissue_Primary Tumor	MYCN	3	2	No
BS_FV0C303D	PASJUU_01_Solid Tissue_Primary Tumor	MYCN	3	3	No
BS_G4W213NW	PATTNX_01_Solid Tissue_Primary Tumor	MYCN	3	2	No
BS_GBS4JMAZ	PATTPC_01_Solid Tissue_Primary Tumor	MYCN	244	2	Yes
BS_GNETMRJF	PAVINT_01_Solid Tissue_Primary Tumor	MYCN	3	4	No
BS_GPXZ2NQB	PATYAU_01_Solid Tissue_Primary Tumor	MYCN	25	2	Yes
BS_GXACEYKB	PT_8ECE2D92_7316-914_Solid Tissue_Initial CNS Tumor	MYCN	1	4	No
BS_GZG7GH62	PAUNST_01_Solid Tissue_Primary Tumor	MYCN	3	2	No
BS_H4CR04QB	PT_MGJJBG0T_7316-7667_Solid Tissue_Deceased	MYCN	3	2	No
BS_H50HR85Y	PT_8R00BMHH_7316-1845_Solid Tissue_Initial CNS Tumor	MYCN	1	4	No
BS_H68W3CE8	PASYHS_01_Solid Tissue_Primary Tumor	MYCN	3	2	No
BS_HHNG2JZT	PT_VD2DHTMY_7316-2580_Solid Tissue_Recurrence	MYCN	1	4	No
BS_HQC1EKZ8	PAUAEE_01_Solid Tissue_Primary Tumor	MYCN	3	4	No
BS_HQYHVPC9	PAUCMD_01_Solid Tissue_Primary Tumor	MYCN	3	2	No
BS_HTGDSPQA	PT_4159VCJY_7316-389_Solid Tissue_Initial CNS Tumor	MYCN	1	4	No
BS_HYX0M8VM	PASCGM_01_Solid Tissue_Primary Tumor	MYCN	3	3	No
BS_HZKJMB0D	PATWED_01_Solid Tissue_Primary Tumor	MYCN	29	2	Yes
BS_J2DA5W77	PARUFS_01_Solid Tissue_Primary Tumor	MYCN	3	2	No
BS_J5C6FMYZ	PAUPSP_01_Solid Tissue_Primary Tumor	MYCN	3	2	No
BS_JGVTE14P	PASBDN_01_Solid Tissue_Primary Tumor	MYCN	3	2	No
BS_JTP91S1A	PAUWBU_01_Solid Tissue_Primary Tumor	MYCN	3	2	No
BS_JV1GTZ1Q	PAVGYW_01_Solid Tissue_Primary Tumor	MYCN	3	2	No
BS_JXVVZ2S8	PATHYD_01_Solid Tissue_Primary Tumor	MYCN	3	2	No
BS_K07KNTFY	PT_00G007DM_7316-272_Solid Tissue_Initial CNS Tumor	MYCN	6	4	Yes
BS_K62HBS01	PATSRY_01_Solid Tissue_Primary Tumor	MYCN	3	4	No
BS_KP0YNTAK	PT_5SX0GRW1_7316-1927_Solid Tissue_Deceased	MYCN	4	2	Yes
BS_MA4DE9P2	PAUTLP_01_Solid Tissue_Primary Tumor	MYCN	246	2	Yes
BS_MCCJ3EMF	PASFEV_01_Solid Tissue_Primary Tumor	MYCN	3	3	No
BS_MJ2H7ZT3	PASMGS_01_Solid Tissue_Primary Tumor	MYCN	3	4	No
BS_MQRBQKPQ	PT_062ZW10V_7316-5423_Solid Tissue_Deceased	MYCN	3	2	No
BS_MTQ7F28J	PASFNY_01_Solid Tissue_Primary Tumor	MYCN	64	4	Yes
BS_NVJJJ7MT	PASNHY_01_Solid Tissue_Primary Tumor	MYCN	3	2	No
BS_NX91DYXQ	PAVCLX_01_Solid Tissue_Primary Tumor	MYCN	3	4	No
BS_P0BHM8S1	PAUMJN_01_Solid Tissue_Primary Tumor	MYCN	59	2	Yes
BS_P69A72G2	PATSSG_01_Solid Tissue_Primary Tumor	MYCN	3	2	No
BS_PCMHH474	PT_A3N82JTH_7316-9726_Solid Tissue_Initial CNS Tumor	MYCN	6	4	Yes
BS_PDWEETXG	PATVVB_01_Solid Tissue_Primary Tumor	MYCN	3	2	No
BS_PEDGRK8S	PT_RKECV80K_7316-9_Solid Tissue_Initial CNS Tumor	MYCN	1	2	No
BS_PKHXM1NB	PATAAV_01_Solid Tissue_Primary Tumor	MYCN	3	2	No
BS_Q04D7JVF	PT_X7GTQR9N_7316-7959_Solid Tissue_Initial CNS Tumor	MYCN	1	2	No
BS_Q491G0TY	PT_6QPECWRY_7316-4460_Solid Tissue_Initial CNS Tumor	MYCN	4	3	Yes
BS_QCP0VAZ7	PASREY_01_Solid Tissue_Primary Tumor	MYCN	3	3	No
BS_QDMDQ3E3	PASVYV_01_Solid Tissue_Primary Tumor	MYCN	3	2	No
BS_QDRHQSPZ	PASKIS_01_Solid Tissue_Primary Tumor	MYCN	3	2	No
BS_QEKBZRMD	PAUALH_01_Solid Tissue_Primary Tumor	MYCN	3	4	No
BS_QMY84KF4	PT_3VCS1PPF_7316-490_Solid Tissue_Progressive	MYCN	25	2	Yes
BS_QNQDTDCS	PATWEJ_01_Solid Tissue_Primary Tumor	MYCN	3	2	No
BS_QSTNH2MJ	PATYNP_01_Solid Tissue_Primary Tumor	MYCN	3	2	No
BS_QZAV7XVF	PATSUB_01_Solid Tissue_Primary Tumor	MYCN	3	2	No
BS_R13WNSAR	PASWXG_01_Solid Tissue_Primary Tumor	MYCN	54	2	Yes
BS_R8ZKDFWH	PT_YXZPWFVB_7316-966_Solid Tissue_Initial CNS Tumor	MYCN	3	2	No
BS_RA5HNMDP	PASMET_01_Solid Tissue_Primary Tumor	MYCN	46	2	Yes
BS_RFEDCJTP	PAUMFN_01_Solid Tissue_Primary Tumor	MYCN	3	2	No
BS_RR3T675W	PAVAEE_01_Solid Tissue_Primary Tumor	MYCN	3	4	No
BS_S0T1WT6R	PATBBF_01_Solid Tissue_Primary Tumor	MYCN	3	2	No
BS_SGRCCAVT	PASYJF_01_Solid Tissue_Primary Tumor	MYCN	3	2	No
BS_SMJRCVQB	PATXKN_01_Solid Tissue_Primary Tumor	MYCN	3	2	No
BS_SQSH5G7A	PT_DPVW4M1W_7316-2271_Solid Tissue_Recurrence	MYCN	2	3	No
BS_SSHQFYA8	PASBHS_01_Solid Tissue_Primary Tumor	MYCN	3	2	No
BS_SSS5J8P5	PATWAG_09_Bone Marrow_Primary Tumor	MYCN	3	2	No
BS_STK02B14	PATUWG_01_Solid Tissue_Primary Tumor	MYCN	3	4	No
BS_SXVVN52M	PATNBK_01_Solid Tissue_Primary Tumor	MYCN	3	2	No
BS_SY6CCX4G	PASIUJ_01_Solid Tissue_Primary Tumor	MYCN	33	2	Yes
BS_SYSZCYYZ	PASCDX_01_Solid Tissue_Primary Tumor	MYCN	222	3	Yes
BS_T1SNKF50	PT_CYBYN18G_7316-2567_Solid Tissue_Initial CNS Tumor	MYCN	0	4	No
BS_T5BAS1JN	PAUGJI_01_Solid Tissue_Primary Tumor	MYCN	68	2	Yes
BS_T9VPRPVA	PASFXC_01_Solid Tissue_Primary Tumor	MYCN	3	2	No
BS_TKRH7YW7	PAVJTD_01_Solid Tissue_Primary Tumor	MYCN	4	3	Yes
BS_TR758MB1	PASHEL_01_Solid Tissue_Primary Tumor	MYCN	53	2	Yes
BS_TS07B3TC	PASRTR_01_Solid Tissue_Primary Tumor	MYCN	3	2	No
BS_V4VGG98Y	PASXHE_01_Solid Tissue_Primary Tumor	MYCN	3	2	No
BS_VGAKW5G6	PASJWG_01_Solid Tissue_Primary Tumor	MYCN	3	2	No
BS_W2BC0CVT	PASIIU_01_Solid Tissue_Primary Tumor	MYCN	622	2	Yes
BS_W41Y820G	PASKRS_01_Solid Tissue_Primary Tumor	MYCN	3	2	No
BS_WBZBDN0A	PAUEXM_01_Solid Tissue_Primary Tumor	MYCN	4	2	Yes
BS_WMM0MP1J	PASJRT_01_Solid Tissue_Primary Tumor	MYCN	4	2	Yes
BS_WRZATZQF	PATLFF_01_Solid Tissue_Primary Tumor	MYCN	3	2	No
BS_WSK7MH3C	PASUMG_01_Solid Tissue_Primary Tumor	MYCN	122	2	Yes
BS_WZXHZN97	PAUXSV_01_Solid Tissue_Primary Tumor	MYCN	3	2	No
BS_X242DJMF	PAURFH_01_Solid Tissue_Primary Tumor	MYCN	3	2	No
BS_X2D8S1HY	PASEWZ_01_Solid Tissue_Primary Tumor	MYCN	3	2	No
BS_XA3KEKC6	PASDDP_01_Solid Tissue_Primary Tumor	MYCN	3	4	No
BS_XBE002WV	PT_D3AN5M5W_7316-47_Solid Tissue_Initial CNS Tumor	MYCN	3	3	No
BS_XH6P7BY8	PASYIP_01_Solid Tissue_Primary Tumor	MYCN	99	2	Yes
BS_YC4RWPH3	PT_9F58PWB3_7316-3960_Solid Tissue_Progressive	MYCN	26	2	Yes
BS_YG6FYM9A	PT_062ZW10V_7316-5423_Solid Tissue_Deceased	MYCN	3	4	No
BS_YK9W04XG	PATKGB_01_Solid Tissue_Primary Tumor	MYCN	3	4	No
BS_YPKSF86W	PATVRG_01_Solid Tissue_Primary Tumor	MYCN	3	2	No
BS_Z862V8M7	PARVPD_01_Solid Tissue_Primary Tumor	MYCN	3	2	No
BS_ZED6T1CT	PAUTFT_01_Solid Tissue_Primary Tumor	MYCN	30	2	Yes
BS_ZRG2V7T2	PASZJB_01_Solid Tissue_Primary Tumor	MYCN	3	4	No
